연번,지연일자,노선,지연시간대,최대지연시간
1,2023-01-01,7호선 (부천구청행),09시~18시,5분
2,2023-01-01,7호선 (온수행),09시~18시,5분
3,2023-01-01,7호선 (장암행),09시~18시,5분
4,2023-01-02,2호선 (외선),첫차~09시,20분
5,2023-01-02,7호선 (부천구청행),18시~막차,5분
6,2023-01-02,7호선 (온수행),18시~막차,5분
7,2023-01-02,7호선 (장암행),18시~막차,5분
8,2023-01-02,7호선 (부천구청행),첫차~09시,10분
9,2023-01-02,7호선 (온수행),첫차~09시,10분
10,2023-01-02,7호선 (장암행),첫차~09시,10분
11,2023-01-03,1호선 (하행선),첫차~09시,15분
12,2023-01-03,1호선 (상행선),첫차~09시,10분
13,2023-01-03,2호선 (외선),첫차~09시,10분
14,2023-01-03,3호선 (하행선),첫차~09시,5분
15,2023-01-03,3호선 (상행선),첫차~09시,5분
16,2023-01-03,4호선 (하행선),첫차~09시,10분
17,2023-01-03,4호선 (상행선),첫차~09시,5분
18,2023-01-03,5호선 (상일동행),첫차~09시,10분
19,2023-01-03,5호선 (마천행),첫차~09시,10분
20,2023-01-03,7호선 (장암행),09시~18시,5분
21,2023-01-03,7호선 (부천구청행),09시~18시,5분
22,2023-01-03,7호선 (온수행),09시~18시,5분
23,2023-01-03,8호선 (모란행),첫차~09시,10분
24,2023-01-04,1호선 (하행선),첫차~09시,5분
25,2023-01-04,1호선 (상행선),첫차~09시,5분
26,2023-01-04,2호선 (외선),첫차~09시,15분
27,2023-01-04,3호선 (하행선),첫차~09시,10분
28,2023-01-04,3호선 (상행선),첫차~09시,10분
29,2023-01-04,4호선 (하행선),첫차~09시,10분
30,2023-01-04,4호선 (상행선),첫차~09시,5분
31,2023-01-04,5호선 (상일동행),첫차~09시,5분
32,2023-01-04,5호선 (마천행),첫차~09시,5분
33,2023-01-05,1호선 (하행선),첫차~09시,5분
34,2023-01-05,1호선 (상행선),첫차~09시,10분
35,2023-01-05,2호선 (외선),첫차~09시,10분
36,2023-01-05,3호선 (하행선),첫차~09시,10분
37,2023-01-05,3호선 (상행선),첫차~09시,5분
38,2023-01-05,4호선 (하행선),첫차~09시,10분
39,2023-01-05,4호선 (상행선),첫차~09시,5분
40,2023-01-05,5호선 (상일동행),첫차~09시,5분
41,2023-01-06,2호선 (외선),첫차~09시,10분
42,2023-01-06,3호선 (하행선),첫차~09시,10분
43,2023-01-06,3호선 (상행선),첫차~09시,5분
44,2023-01-09,1호선 (하행선),첫차~09시,5분
45,2023-01-09,1호선 (상행선),첫차~09시,5분
46,2023-01-09,2호선 (외선),첫차~09시,10분
47,2023-01-09,3호선 (하행선),첫차~09시,10분
48,2023-01-09,3호선 (상행선),첫차~09시,10분
49,2023-01-09,4호선 (하행선),첫차~09시,10분
50,2023-01-09,4호선 (상행선),첫차~09시,5분
51,2023-01-09,7호선 (부천구청행),09시~18시,5분
52,2023-01-09,7호선 (온수행),09시~18시,5분
53,2023-01-09,7호선 (장암행),09시~18시,5분
54,2023-01-10,2호선 (외선),09시~18시,25분
55,2023-01-10,2호선 (외선),첫차~09시,10분
56,2023-01-10,4호선 (하행선),첫차~09시,10분
57,2023-01-10,4호선 (하행선),09시~18시,10분
58,2023-01-10,4호선 (상행선),09시~18시,5분
59,2023-01-10,4호선 (상행선),첫차~09시,5분
60,2023-01-10,7호선 (부천구청행),18시~막차,5분
61,2023-01-10,7호선 (온수행),18시~막차,5분
62,2023-01-10,7호선 (장암행),18시~막차,5분
63,2023-01-10,7호선 (부천구청행),첫차~09시,5분
64,2023-01-10,7호선 (온수행),첫차~09시,5분
65,2023-01-10,7호선 (장암행),첫차~09시,5분
66,2023-01-11,2호선 (외선),첫차~09시,10분
67,2023-01-11,3호선 (하행선),첫차~09시,10분
68,2023-01-11,3호선 (상행선),첫차~09시,5분
69,2023-01-11,4호선 (상행선),첫차~09시,10분
70,2023-01-11,4호선 (하행선),첫차~09시,10분
71,2023-01-12,3호선 (하행선),첫차~09시,10분
72,2023-01-12,3호선 (상행선),첫차~09시,5분
73,2023-01-12,4호선 (하행선),첫차~09시,5분
74,2023-01-12,4호선 (상행선),첫차~09시,5분
75,2023-01-13,1호선 (하행선),첫차~09시,20분
76,2023-01-13,1호선 (상행선),첫차~09시,15분
77,2023-01-13,2호선 (외선),첫차~09시,15분
78,2023-01-13,2호선 (내선),첫차~09시,15분
79,2023-01-13,3호선 (하행선),첫차~09시,5분
80,2023-01-13,3호선 (상행선),첫차~09시,5분
81,2023-01-13,4호선 (하행선),첫차~09시,25분
82,2023-01-13,4호선 (상행선),첫차~09시,20분
83,2023-01-13,7호선 (부천구청행),09시~18시,5분
84,2023-01-13,7호선 (온수행),09시~18시,5분
85,2023-01-13,7호선 (장암행),09시~18시,5분
86,2023-01-13,7호선 (부천구청행),첫차~09시,5분
87,2023-01-13,7호선 (온수행),첫차~09시,5분
88,2023-01-16,2호선 (내선),09시~18시,5분
89,2023-01-16,2호선 (외선),첫차~09시,10분
90,2023-01-16,3호선 (하행선),첫차~09시,10분
91,2023-01-16,3호선 (상행선),첫차~09시,5분
92,2023-01-16,4호선 (하행선),첫차~09시,5분
93,2023-01-16,4호선 (상행선),첫차~09시,5분
94,2023-01-17,1호선 (상행선),첫차~09시,5분
95,2023-01-17,2호선 (내선),첫차~09시,5분
96,2023-01-17,2호선 (외선),첫차~09시,10분
97,2023-01-17,3호선 (하행선),첫차~09시,5분
98,2023-01-17,3호선 (상행선),첫차~09시,5분
99,2023-01-17,4호선 (하행선),첫차~09시,10분
100,2023-01-17,4호선 (상행선),첫차~09시,10분
101,2023-01-17,7호선 (부천구청행),09시~18시,5분
102,2023-01-17,7호선 (온수행),09시~18시,5분
103,2023-01-17,7호선 (장암행),09시~18시,5분
104,2023-01-17,8호선 (암사행),첫차~09시,5분
105,2023-01-18,1호선 (하행선),첫차~09시,5분
106,2023-01-18,1호선 (상행선),첫차~09시,5분
107,2023-01-18,2호선 (내선),09시~18시,10분
108,2023-01-18,2호선 (외선),첫차~09시,10분
109,2023-01-18,3호선 (하행선),첫차~09시,15분
110,2023-01-18,3호선 (상행선),첫차~09시,15분
111,2023-01-18,5호선 (방화행),첫차~09시,10분
112,2023-01-18,7호선 (장암행),09시~18시,10분
113,2023-01-18,7호선 (장암행),첫차~09시,20분
114,2023-01-19,1호선 (하행선),첫차~09시,5분
115,2023-01-19,1호선 (상행선),첫차~09시,10분
116,2023-01-19,2호선 (내선),첫차~09시,5분
117,2023-01-19,2호선 (외선),첫차~09시,10분
118,2023-01-19,3호선 (하행선),첫차~09시,10분
119,2023-01-19,3호선 (상행선),첫차~09시,15분
120,2023-01-19,4호선 (하행선),첫차~09시,10분
121,2023-01-19,4호선 (상행선),첫차~09시,15분
122,2023-01-20,1호선 (하행선),첫차~09시,5분
123,2023-01-20,1호선 (상행선),첫차~09시,10분
124,2023-01-20,2호선 (외선),첫차~09시,5분
125,2023-01-20,2호선 (내선),첫차~09시,5분
126,2023-01-24,1호선 (하행선),첫차~09시,20분
127,2023-01-24,1호선 (상행선),첫차~09시,5분
128,2023-01-25,1호선 (하행선),첫차~09시,5분
129,2023-01-25,1호선 (상행선),첫차~09시,10분
130,2023-01-25,2호선 (외선),첫차~09시,10분
131,2023-01-25,3호선 (하행선),첫차~09시,10분
132,2023-01-25,3호선 (상행선),첫차~09시,10분
133,2023-01-25,4호선 (하행선),첫차~09시,15분
134,2023-01-25,4호선 (상행선),첫차~09시,15분
135,2023-01-25,6호선 (봉화산행),첫차~09시,5분
136,2023-01-25,6호선 (응암순환행),첫차~09시,5분
137,2023-01-25,6호선 (봉화산행),09시~18시,5분
138,2023-01-25,6호선 (응암순환행),09시~18시,5분
139,2023-01-25,7호선 (부천구청행),09시~18시,10분
140,2023-01-25,7호선 (온수행),09시~18시,10분
141,2023-01-25,7호선 (장암행),09시~18시,10분
142,2023-01-25,7호선 (부천구청행),첫차~09시,10분
143,2023-01-25,7호선 (온수행),첫차~09시,10분
144,2023-01-25,7호선 (장암행),첫차~09시,10분
145,2023-01-26,1호선 (하행선),첫차~09시,20분
146,2023-01-26,1호선 (상행선),첫차~09시,20분
147,2023-01-26,2호선 (외선),첫차~09시,15분
148,2023-01-26,2호선 (내선),첫차~09시,10분
149,2023-01-26,4호선 (하행선),09시~18시,30분 이상
150,2023-01-26,4호선 (상행선),09시~18시,25분
151,2023-01-26,4호선 (하행선),첫차~09시,20분
152,2023-01-26,4호선 (상행선),첫차~09시,20분
153,2023-01-26,5호선 (방화행),첫차~09시,5분
154,2023-01-26,7호선 (부천구청행),첫차~09시,5분
155,2023-01-26,7호선 (온수행),첫차~09시,5분
156,2023-01-27,1호선 (하행선),첫차~09시,10분
157,2023-01-27,1호선 (상행선),첫차~09시,10분
158,2023-01-27,3호선 (하행선),첫차~09시,10분
159,2023-01-27,3호선 (상행선),첫차~09시,5분
160,2023-01-27,4호선 (하행선),첫차~09시,10분
161,2023-01-27,4호선 (상행선),첫차~09시,10분
162,2023-01-30,2호선 (외선),첫차~09시,10분
163,2023-01-30,4호선 (하행선),18시~막차,10분
164,2023-01-30,4호선 (상행선),18시~막차,15분
165,2023-01-30,6호선 (응암순환행),첫차~09시,5분
166,2023-01-31,1호선 (하행선),첫차~09시,5분
167,2023-01-31,1호선 (상행선),첫차~09시,5분
168,2023-01-31,2호선 (외선),첫차~09시,10분
169,2023-01-31,3호선 (하행선),첫차~09시,5분
170,2023-01-31,3호선 (상행선),첫차~09시,5분
171,2023-01-31,4호선 (하행선),첫차~09시,15분
172,2023-01-31,4호선 (상행선),첫차~09시,10분
173,2023-01-31,7호선 (부천구청행),첫차~09시,5분
174,2023-02-01,1호선 (하행선),첫차~09시,10분
175,2023-02-01,1호선 (상행선),첫차~09시,10분
176,2023-02-01,2호선 (외선),첫차~09시,5분
177,2023-02-01,3호선 (하행선),첫차~09시,10분
178,2023-02-01,3호선 (상행선),첫차~09시,5분
179,2023-02-01,4호선 (하행선),18시~막차,10분
180,2023-02-01,4호선 (상행선),18시~막차,10분
181,2023-02-01,4호선 (하행선),첫차~09시,25분
182,2023-02-01,4호선 (상행선),첫차~09시,20분
183,2023-02-01,7호선 (부천구청행),첫차~09시,5분
184,2023-02-02,1호선 (하행선),첫차~09시,5분
185,2023-02-02,1호선 (상행선),첫차~09시,5분
186,2023-02-02,2호선 (외선),첫차~09시,10분
187,2023-02-02,3호선 (하행선),첫차~09시,10분
188,2023-02-02,3호선 (상행선),첫차~09시,5분
189,2023-02-02,4호선 (하행선),18시~막차,10분
190,2023-02-02,4호선 (상행선),18시~막차,10분
191,2023-02-02,4호선 (하행선),첫차~09시,10분
192,2023-02-02,4호선 (상행선),첫차~09시,10분
193,2023-02-02,5호선 (상일동행),첫차~09시,5분
194,2023-02-02,5호선 (마천행),첫차~09시,5분
195,2023-02-02,7호선 (부천구청행),첫차~09시,5분
196,2023-02-02,7호선 (온수행),첫차~09시,5분
197,2023-02-02,7호선 (장암행),첫차~09시,5분
198,2023-02-02,7호선 (부천구청행),09시~18시,10분
199,2023-02-02,7호선 (온수행),09시~18시,10분
200,2023-02-02,7호선 (장암행),09시~18시,10분
201,2023-02-03,2호선 (외선),첫차~09시,10분
202,2023-02-03,4호선 (상행선),18시~막차,20분
203,2023-02-03,4호선 (상행선),첫차~09시,10분
204,2023-02-03,4호선 (하행선),첫차~09시,10분
205,2023-02-03,7호선 (부천구청행),18시~막차,5분
206,2023-02-03,7호선 (온수행),18시~막차,5분
207,2023-02-03,7호선 (장암행),18시~막차,5분
208,2023-02-05,7호선 (장암행),09시~18시,5분
209,2023-02-06,1호선 (하행선),첫차~09시,5분
210,2023-02-06,1호선 (상행선),첫차~09시,5분
211,2023-02-06,2호선 (내선),첫차~09시,10분
212,2023-02-06,2호선 (외선),첫차~09시,10분
213,2023-02-06,3호선 (하행선),첫차~09시,5분
214,2023-02-06,3호선 (상행선),첫차~09시,5분
215,2023-02-06,4호선 (하행선),첫차~09시,10분
216,2023-02-06,4호선 (상행선),첫차~09시,15분
217,2023-02-06,7호선 (부천구청행),09시~18시,5분
218,2023-02-06,7호선 (장암행),09시~18시,5분
219,2023-02-06,7호선 (온수행),09시~18시,5분
220,2023-02-07,3호선 (하행선),첫차~09시,5분
221,2023-02-07,3호선 (상행선),첫차~09시,5분
222,2023-02-07,4호선 (하행선),18시~막차,10분
223,2023-02-07,4호선 (상행선),18시~막차,10분
224,2023-02-07,4호선 (하행선),첫차~09시,10분
225,2023-02-07,4호선 (상행선),첫차~09시,5분
226,2023-02-07,5호선 (마천행),첫차~09시,5분
227,2023-02-07,5호선 (상일동행),첫차~09시,5분
228,2023-02-07,5호선 (방화행),첫차~09시,10분
229,2023-02-07,7호선 (부천구청행),18시~막차,5분
230,2023-02-07,7호선 (온수행),18시~막차,5분
231,2023-02-07,7호선 (장암행),18시~막차,5분
232,2023-02-08,1호선 (하행선),첫차~09시,15분
233,2023-02-08,1호선 (상행선),첫차~09시,15분
234,2023-02-08,2호선 (외선),첫차~09시,10분
235,2023-02-08,2호선 (내선),첫차~09시,5분
236,2023-02-08,3호선 (하행선),첫차~09시,10분
237,2023-02-08,3호선 (상행선),첫차~09시,10분
238,2023-02-08,4호선 (하행선),첫차~09시,20분
239,2023-02-08,4호선 (상행선),첫차~09시,20분
240,2023-02-08,7호선 (장암행),첫차~09시,5분
241,2023-02-09,3호선 (하행선),첫차~09시,5분
242,2023-02-09,3호선 (상행선),첫차~09시,5분
243,2023-02-09,4호선 (하행선),첫차~09시,5분
244,2023-02-09,4호선 (상행선),첫차~09시,5분
245,2023-02-09,5호선 (방화행),첫차~09시,10분
246,2023-02-10,1호선 (하행선),첫차~09시,10분
247,2023-02-10,1호선 (상행선),첫차~09시,10분
248,2023-02-10,2호선 (외선),첫차~09시,10분
249,2023-02-10,2호선 (내선),첫차~09시,5분
250,2023-02-10,3호선 (하행선),첫차~09시,15분
251,2023-02-10,3호선 (상행선),첫차~09시,10분
252,2023-02-10,4호선 (하행선),18시~막차,15분
253,2023-02-10,4호선 (상행선),18시~막차,15분
254,2023-02-10,4호선 (하행선),첫차~09시,10분
255,2023-02-10,4호선 (상행선),첫차~09시,15분
256,2023-02-10,5호선 (마천행),첫차~09시,10분
257,2023-02-11,7호선 (부천구청행),09시~18시,5분
258,2023-02-11,7호선 (온수행),09시~18시,5분
259,2023-02-11,7호선 (장암행),09시~18시,5분
260,2023-02-12,5호선 (마천행),18시~막차,30분 이상
261,2023-02-12,5호선 (상일동행),18시~막차,30분 이상
262,2023-02-12,5호선 (방화행),18시~막차,30분 이상
263,2023-02-12,7호선 (장암행),09시~18시,5분
264,2023-02-13,2호선 (외선),첫차~09시,10분
265,2023-02-13,3호선 (하행선),첫차~09시,5분
266,2023-02-13,3호선 (상행선),첫차~09시,5분
267,2023-02-13,4호선 (하행선),첫차~09시,5분
268,2023-02-13,4호선 (상행선),첫차~09시,5분
269,2023-02-13,7호선 (장암행),첫차~09시,5분
270,2023-02-13,7호선 (부천구청행),첫차~09시,5분
271,2023-02-14,1호선 (하행선),첫차~09시,5분
272,2023-02-14,1호선 (상행선),첫차~09시,15분
273,2023-02-14,2호선 (외선),첫차~09시,10분
274,2023-02-14,3호선 (하행선),첫차~09시,5분
275,2023-02-14,3호선 (상행선),첫차~09시,10분
276,2023-02-14,4호선 (하행선),첫차~09시,10분
277,2023-02-14,4호선 (상행선),첫차~09시,10분
278,2023-02-14,7호선 (부천구청행),09시~18시,5분
279,2023-02-14,7호선 (온수행),09시~18시,5분
280,2023-02-14,7호선 (장암행),09시~18시,5분
281,2023-02-15,2호선 (내선),첫차~09시,5분
282,2023-02-15,2호선 (외선),첫차~09시,10분
283,2023-02-16,1호선 (하행선),첫차~09시,5분
284,2023-02-16,1호선 (상행선),첫차~09시,10분
285,2023-02-16,2호선 (외선),첫차~09시,10분
286,2023-02-16,3호선 (하행선),첫차~09시,10분
287,2023-02-16,3호선 (상행선),첫차~09시,5분
288,2023-02-16,4호선 (하행선),첫차~09시,10분
289,2023-02-16,4호선 (상행선),첫차~09시,10분
290,2023-02-17,3호선 (하행선),첫차~09시,10분
291,2023-02-17,3호선 (상행선),첫차~09시,5분
292,2023-02-17,4호선 (하행선),첫차~09시,10분
293,2023-02-17,4호선 (상행선),첫차~09시,10분
294,2023-02-18,7호선 (부천구청행),09시~18시,10분
295,2023-02-18,7호선 (온수행),09시~18시,10분
296,2023-02-18,7호선 (장암행),09시~18시,10분
297,2023-02-19,7호선 (부천구청행),18시~막차,10분
298,2023-02-19,7호선 (온수행),18시~막차,10분
299,2023-02-19,7호선 (장암행),18시~막차,10분
300,2023-02-20,1호선 (하행선),첫차~09시,10분
301,2023-02-20,1호선 (상행선),첫차~09시,5분
302,2023-02-20,2호선 (외선),첫차~09시,5분
303,2023-02-20,3호선 (하행선),첫차~09시,5분
304,2023-02-20,3호선 (상행선),첫차~09시,5분
305,2023-02-20,4호선 (하행선),첫차~09시,10분
306,2023-02-20,4호선 (상행선),첫차~09시,10분
307,2023-02-20,7호선 (부천구청행),09시~18시,20분
308,2023-02-20,7호선 (온수행),09시~18시,20분
309,2023-02-20,7호선 (장암행),09시~18시,20분
310,2023-02-20,7호선 (부천구청행),첫차~09시,20분
311,2023-02-20,7호선 (온수행),첫차~09시,20분
312,2023-02-20,7호선 (장암행),첫차~09시,20분
313,2023-02-21,2호선 (외선),첫차~09시,15분
314,2023-02-21,3호선 (하행선),첫차~09시,5분
315,2023-02-21,3호선 (상행선),첫차~09시,10분
316,2023-02-21,4호선 (하행선),첫차~09시,10분
317,2023-02-21,4호선 (상행선),첫차~09시,5분
318,2023-02-21,5호선 (마천행),첫차~09시,5분
319,2023-02-21,5호선 (상일동행),첫차~09시,5분
320,2023-02-22,1호선 (하행선),첫차~09시,10분
321,2023-02-22,1호선 (상행선),첫차~09시,15분
322,2023-02-22,2호선 (내선),09시~18시,10분
323,2023-02-22,2호선 (내선),첫차~09시,5분
324,2023-02-22,3호선 (하행선),첫차~09시,10분
325,2023-02-22,3호선 (상행선),첫차~09시,5분
326,2023-02-22,4호선 (하행선),첫차~09시,10분
327,2023-02-22,4호선 (상행선),첫차~09시,10분
328,2023-02-22,5호선 (방화행),첫차~09시,5분
329,2023-02-22,7호선 (부천구청행),09시~18시,5분
330,2023-02-22,7호선 (온수행),09시~18시,5분
331,2023-02-22,7호선 (장암행),09시~18시,5분
332,2023-02-23,4호선 (하행선),첫차~09시,10분
333,2023-02-23,4호선 (상행선),첫차~09시,10분
334,2023-02-24,1호선 (하행선),첫차~09시,5분
335,2023-02-24,1호선 (상행선),첫차~09시,5분
336,2023-02-24,2호선 (외선),첫차~09시,10분
337,2023-02-24,3호선 (하행선),첫차~09시,10분
338,2023-02-24,3호선 (상행선),첫차~09시,10분
339,2023-02-24,4호선 (하행선),첫차~09시,10분
340,2023-02-24,4호선 (상행선),첫차~09시,10분
341,2023-02-27,2호선 (외선),첫차~09시,10분
342,2023-02-27,4호선 (하행선),첫차~09시,20분
343,2023-02-27,4호선 (상행선),첫차~09시,15분
344,2023-02-28,2호선 (외선),첫차~09시,10분
345,2023-02-28,5호선 (마천행),첫차~09시,5분
346,2023-02-28,5호선 (상일동행),첫차~09시,5분
347,2023-02-28,5호선 (방화행),첫차~09시,5분
348,2023-03-02,1호선 (하행선),첫차~09시,10분
349,2023-03-02,1호선 (상행선),첫차~09시,10분
350,2023-03-02,2호선 (외선),첫차~09시,10분
351,2023-03-02,3호선 (하행선),첫차~09시,10분
352,2023-03-02,3호선 (상행선),첫차~09시,10분
353,2023-03-02,4호선 (하행선),첫차~09시,15분
354,2023-03-02,4호선 (상행선),첫차~09시,15분
355,2023-03-02,7호선 (부천구청행),09시~18시,5분
356,2023-03-02,7호선 (온수행),09시~18시,5분
357,2023-03-02,7호선 (장암행),09시~18시,5분
358,2023-03-03,4호선 (하행선),첫차~09시,10분
359,2023-03-03,4호선 (상행선),첫차~09시,10분
360,2023-03-05,4호선 (하행선),첫차~09시,5분
361,2023-03-06,1호선 (하행선),첫차~09시,10분
362,2023-03-06,1호선 (상행선),첫차~09시,5분
363,2023-03-06,2호선 (외선),첫차~09시,10분
364,2023-03-06,3호선 (하행선),첫차~09시,10분
365,2023-03-06,3호선 (상행선),첫차~09시,10분
366,2023-03-06,4호선 (하행선),첫차~09시,10분
367,2023-03-06,4호선 (상행선),첫차~09시,10분
368,2023-03-06,5호선 (마천행),09시~18시,10분
369,2023-03-06,5호선 (상일동행),09시~18시,10분
370,2023-03-06,5호선 (방화행),09시~18시,15분
371,2023-03-06,5호선 (방화행),첫차~09시,5분
372,2023-03-07,4호선 (하행선),첫차~09시,20분
373,2023-03-07,4호선 (상행선),첫차~09시,15분
374,2023-03-07,7호선 (부천구청행),18시~막차,10분
375,2023-03-07,7호선 (온수행),18시~막차,10분
376,2023-03-07,7호선 (장암행),18시~막차,10분
377,2023-03-08,1호선 (하행선),첫차~09시,5분
378,2023-03-08,1호선 (상행선),첫차~09시,10분
379,2023-03-08,2호선 (내선),첫차~09시,5분
380,2023-03-08,2호선 (외선),첫차~09시,10분
381,2023-03-08,5호선 (마천행),첫차~09시,10분
382,2023-03-08,5호선 (상일동행),첫차~09시,10분
383,2023-03-09,2호선 (외선),첫차~09시,15분
384,2023-03-09,3호선 (상행선),첫차~09시,10분
385,2023-03-09,3호선 (하행선),첫차~09시,10분
386,2023-03-09,4호선 (하행선),첫차~09시,10분
387,2023-03-09,4호선 (상행선),첫차~09시,5분
388,2023-03-09,5호선 (마천행),첫차~09시,10분
389,2023-03-09,5호선 (상일동행),첫차~09시,10분
390,2023-03-09,5호선 (방화행),첫차~09시,10분
391,2023-03-09,7호선 (온수행),첫차~09시,5분
392,2023-03-09,7호선 (부천구청행),첫차~09시,5분
393,2023-03-09,7호선 (장암행),첫차~09시,5분
394,2023-03-10,1호선 (하행선),첫차~09시,5분
395,2023-03-10,1호선 (상행선),첫차~09시,5분
396,2023-03-10,2호선 (외선),첫차~09시,10분
397,2023-03-10,3호선 (하행선),첫차~09시,10분
398,2023-03-10,3호선 (상행선),첫차~09시,5분
399,2023-03-10,4호선 (하행선),첫차~09시,15분
400,2023-03-10,4호선 (상행선),첫차~09시,10분
401,2023-03-12,2호선 (외선),첫차~09시,10분
402,2023-03-12,2호선 (내선),첫차~09시,10분
403,2023-03-13,1호선 (하행선),첫차~09시,10분
404,2023-03-13,1호선 (상행선),첫차~09시,10분
405,2023-03-13,2호선 (외선),첫차~09시,10분
406,2023-03-13,2호선 (내선),첫차~09시,5분
407,2023-03-13,3호선 (하행선),첫차~09시,10분
408,2023-03-13,3호선 (상행선),첫차~09시,5분
409,2023-03-13,4호선 (하행선),첫차~09시,10분
410,2023-03-13,4호선 (상행선),첫차~09시,10분
411,2023-03-14,2호선 (외선),첫차~09시,10분
412,2023-03-14,3호선 (하행선),첫차~09시,5분
413,2023-03-14,3호선 (상행선),첫차~09시,10분
414,2023-03-14,4호선 (하행선),첫차~09시,10분
415,2023-03-14,4호선 (상행선),첫차~09시,10분
416,2023-03-14,5호선 (상일동행),첫차~09시,5분
417,2023-03-14,7호선 (부천구청행),09시~18시,5분
418,2023-03-14,7호선 (온수행),09시~18시,5분
419,2023-03-14,7호선 (장암행),09시~18시,5분
420,2023-03-15,2호선 (내선),09시~18시,10분
421,2023-03-15,2호선 (내선),첫차~09시,5분
422,2023-03-15,4호선 (하행선),첫차~09시,10분
423,2023-03-15,4호선 (상행선),첫차~09시,10분
424,2023-03-15,7호선 (부천구청행),18시~막차,10분
425,2023-03-15,7호선 (온수행),18시~막차,10분
426,2023-03-15,7호선 (장암행),18시~막차,10분
427,2023-03-16,5호선 (마천행),첫차~09시,5분
428,2023-03-16,5호선 (상일동행),첫차~09시,5분
429,2023-03-16,7호선 (온수행),첫차~09시,10분
430,2023-03-16,7호선 (부천구청행),첫차~09시,10분
431,2023-03-17,3호선 (하행선),첫차~09시,10분
432,2023-03-17,3호선 (상행선),첫차~09시,5분
433,2023-03-17,4호선 (하행선),첫차~09시,20분
434,2023-03-17,4호선 (상행선),첫차~09시,10분
435,2023-03-18,7호선 (부천구청행),09시~18시,10분
436,2023-03-18,7호선 (온수행),09시~18시,10분
437,2023-03-18,7호선 (장암행),09시~18시,10분
438,2023-03-19,7호선 (부천구청행),18시~막차,5분
439,2023-03-19,7호선 (온수행),18시~막차,5분
440,2023-03-19,7호선 (장암행),18시~막차,5분
441,2023-03-20,2호선 (내선),09시~18시,5분
442,2023-03-20,3호선 (하행선),첫차~09시,10분
443,2023-03-20,3호선 (상행선),첫차~09시,10분
444,2023-03-20,4호선 (하행선),첫차~09시,10분
445,2023-03-20,4호선 (상행선),첫차~09시,10분
446,2023-03-20,7호선 (장암행),09시~18시,10분
447,2023-03-21,4호선 (하행선),첫차~09시,10분
448,2023-03-21,4호선 (상행선),첫차~09시,10분
449,2023-03-22,1호선 (하행선),첫차~09시,10분
450,2023-03-22,1호선 (상행선),첫차~09시,10분
451,2023-03-22,2호선 (외선),첫차~09시,5분
452,2023-03-22,3호선 (하행선),첫차~09시,10분
453,2023-03-22,3호선 (상행선),첫차~09시,5분
454,2023-03-22,4호선 (하행선),첫차~09시,5분
455,2023-03-22,4호선 (상행선),첫차~09시,10분
456,2023-03-22,5호선 (마천행),첫차~09시,5분
457,2023-03-22,5호선 (방화행),첫차~09시,5분
458,2023-03-22,7호선 (부천구청행),첫차~09시,10분
459,2023-03-22,7호선 (온수행),첫차~09시,10분
460,2023-03-22,7호선 (장암행),첫차~09시,10분
461,2023-03-22,7호선 (부천구청행),09시~18시,5분
462,2023-03-22,7호선 (온수행),09시~18시,5분
463,2023-03-22,7호선 (장암행),09시~18시,5분
464,2023-03-23,1호선 (상행선),첫차~09시,15분
465,2023-03-23,2호선 (외선),첫차~09시,5분
466,2023-03-23,4호선 (하행선),첫차~09시,10분
467,2023-03-23,4호선 (상행선),첫차~09시,10분
468,2023-03-23,5호선 (방화행),첫차~09시,5분
469,2023-03-24,1호선 (하행선),첫차~09시,5분
470,2023-03-24,1호선 (상행선),첫차~09시,10분
471,2023-03-24,2호선 (외선),09시~18시,5분
472,2023-03-24,2호선 (외선),첫차~09시,5분
473,2023-03-26,4호선 (하행선),09시~18시,15분
474,2023-03-26,4호선 (상행선),09시~18시,10분
475,2023-03-26,4호선 (하행선),첫차~09시,5분
476,2023-03-26,4호선 (상행선),첫차~09시,5분
477,2023-03-27,1호선 (하행선),첫차~09시,10분
478,2023-03-27,1호선 (상행선),첫차~09시,10분
479,2023-03-27,2호선 (외선),첫차~09시,5분
480,2023-03-27,3호선 (하행선),첫차~09시,15분
481,2023-03-27,3호선 (상행선),첫차~09시,10분
482,2023-03-27,7호선 (부천구청행),18시~막차,5분
483,2023-03-27,7호선 (온수행),18시~막차,5분
484,2023-03-27,7호선 (장암행),18시~막차,5분
485,2023-03-28,3호선 (하행선),첫차~09시,10분
486,2023-03-28,3호선 (상행선),첫차~09시,10분
487,2023-03-28,4호선 (하행선),첫차~09시,10분
488,2023-03-28,4호선 (상행선),첫차~09시,10분
489,2023-03-29,5호선 (방화행),09시~18시,10분
490,2023-03-30,1호선 (하행선),첫차~09시,10분
491,2023-03-30,1호선 (상행선),첫차~09시,5분
492,2023-03-30,2호선 (외선),첫차~09시,5분
493,2023-03-30,7호선 (부천구청행),첫차~09시,10분
494,2023-03-30,7호선 (온수행),첫차~09시,10분
495,2023-03-30,7호선 (장암행),첫차~09시,10분
496,2023-03-30,7호선 (부천구청행),09시~18시,10분
497,2023-03-30,7호선 (온수행),09시~18시,10분
498,2023-03-30,7호선 (장암행),09시~18시,10분
499,2023-03-31,2호선 (외선),첫차~09시,10분
500,2023-03-31,4호선 (하행선),첫차~09시,15분
501,2023-03-31,4호선 (상행선),첫차~09시,10분
502,2023-03-31,7호선 (부천구청행),18시~막차,10분
503,2023-03-31,7호선 (온수행),18시~막차,10분
504,2023-03-31,7호선 (장암행),18시~막차,10분
505,2023-03-31,7호선 (부천구청행),첫차~09시,5분
506,2023-03-31,7호선 (온수행),첫차~09시,5분
507,2023-04-03,1호선 (하행선),첫차~09시,10분
508,2023-04-03,2호선 (외선),첫차~09시,5분
509,2023-04-03,3호선 (하행선),첫차~09시,5분
510,2023-04-03,3호선 (상행선),첫차~09시,5분
511,2023-04-03,4호선 (하행선),첫차~09시,10분
512,2023-04-03,4호선 (상행선),첫차~09시,10분
513,2023-04-03,7호선 (온수행),첫차~09시,5분
514,2023-04-03,7호선 (장암행),첫차~09시,5분
515,2023-04-03,7호선 (부천구청행),첫차~09시,5분
516,2023-04-04,2호선 (외선),첫차~09시,5분
517,2023-04-05,1호선 (하행선),첫차~09시,5분
518,2023-04-05,1호선 (상행선),첫차~09시,15분
519,2023-04-05,2호선 (외선),09시~18시,10분
520,2023-04-05,2호선 (내선),첫차~09시,5분
521,2023-04-05,2호선 (외선),첫차~09시,15분
522,2023-04-05,3호선 (하행선),첫차~09시,10분
523,2023-04-05,3호선 (상행선),첫차~09시,15분
524,2023-04-05,4호선 (하행선),첫차~09시,15분
525,2023-04-05,4호선 (상행선),첫차~09시,10분
526,2023-04-05,5호선 (방화행),첫차~09시,5분
527,2023-04-05,5호선 (마천행),첫차~09시,10분
528,2023-04-05,5호선 (상일동행),첫차~09시,10분
529,2023-04-05,7호선 (부천구청행),첫차~09시,5분
530,2023-04-05,7호선 (장암행),첫차~09시,5분
531,2023-04-06,1호선 (하행선),첫차~09시,5분
532,2023-04-06,1호선 (상행선),첫차~09시,10분
533,2023-04-06,2호선 (외선),첫차~09시,5분
534,2023-04-06,2호선 (내선),첫차~09시,5분
535,2023-04-06,3호선 (하행선),첫차~09시,5분
536,2023-04-06,3호선 (상행선),첫차~09시,5분
537,2023-04-06,4호선 (하행선),첫차~09시,10분
538,2023-04-06,4호선 (상행선),첫차~09시,10분
539,2023-04-06,5호선 (마천행),첫차~09시,5분
540,2023-04-06,5호선 (상일동행),첫차~09시,5분
541,2023-04-06,5호선 (방화행),첫차~09시,5분
542,2023-04-07,1호선 (하행선),첫차~09시,5분
543,2023-04-07,1호선 (상행선),첫차~09시,5분
544,2023-04-07,2호선 (외선),첫차~09시,5분
545,2023-04-07,3호선 (하행선),첫차~09시,5분
546,2023-04-07,3호선 (상행선),첫차~09시,5분
547,2023-04-07,4호선 (하행선),첫차~09시,10분
548,2023-04-07,4호선 (상행선),첫차~09시,10분
549,2023-04-07,5호선 (상일동행),09시~18시,5분
550,2023-04-07,7호선 (온수행),첫차~09시,5분
551,2023-04-10,1호선 (하행선),09시~18시,10분
552,2023-04-10,1호선 (상행선),09시~18시,5분
553,2023-04-10,3호선 (하행선),첫차~09시,5분
554,2023-04-10,3호선 (상행선),첫차~09시,5분
555,2023-04-10,4호선 (하행선),첫차~09시,15분
556,2023-04-10,4호선 (상행선),첫차~09시,10분
557,2023-04-10,7호선 (부천구청행),첫차~09시,5분
558,2023-04-10,7호선 (온수행),첫차~09시,5분
559,2023-04-10,7호선 (장암행),첫차~09시,5분
560,2023-04-11,2호선 (외선),첫차~09시,5분
561,2023-04-11,3호선 (하행선),첫차~09시,10분
562,2023-04-11,3호선 (상행선),첫차~09시,10분
563,2023-04-11,4호선 (하행선),첫차~09시,10분
564,2023-04-11,4호선 (상행선),첫차~09시,10분
565,2023-04-12,2호선 (외선),첫차~09시,10분
566,2023-04-12,4호선 (하행선),첫차~09시,10분
567,2023-04-12,6호선 (봉화산행),첫차~09시,10분
568,2023-04-12,6호선 (응암순환행),첫차~09시,10분
569,2023-04-13,1호선 (하행선),첫차~09시,5분
570,2023-04-13,1호선 (상행선),첫차~09시,10분
571,2023-04-13,2호선 (외선),첫차~09시,10분
572,2023-04-13,2호선 (내선),첫차~09시,5분
573,2023-04-13,3호선 (하행선),첫차~09시,15분
574,2023-04-13,3호선 (상행선),첫차~09시,20분
575,2023-04-13,4호선 (하행선),첫차~09시,10분
576,2023-04-13,4호선 (상행선),첫차~09시,10분
577,2023-04-14,3호선 (상행선),첫차~09시,5분
578,2023-04-14,4호선 (상행선),첫차~09시,5분
579,2023-04-14,4호선 (하행선),첫차~09시,5분
580,2023-04-17,1호선 (상행선),첫차~09시,5분
581,2023-04-17,2호선 (외선),첫차~09시,5분
582,2023-04-17,3호선 (하행선),첫차~09시,5분
583,2023-04-17,3호선 (상행선),첫차~09시,5분
584,2023-04-17,4호선 (하행선),첫차~09시,15분
585,2023-04-17,4호선 (상행선),첫차~09시,10분
586,2023-04-17,7호선 (온수행),09시~18시,5분
587,2023-04-17,7호선 (부천구청행),09시~18시,5분
588,2023-04-18,2호선 (외선),첫차~09시,10분
589,2023-04-18,3호선 (하행선),첫차~09시,10분
590,2023-04-18,3호선 (상행선),첫차~09시,5분
591,2023-04-18,4호선 (하행선),첫차~09시,10분
592,2023-04-18,4호선 (상행선),첫차~09시,10분
593,2023-04-18,5호선 (마천행),첫차~09시,5분
594,2023-04-18,5호선 (상일동행),첫차~09시,5분
595,2023-04-18,5호선 (방화행),첫차~09시,5분
596,2023-04-19,1호선 (하행선),첫차~09시,10분
597,2023-04-19,1호선 (상행선),첫차~09시,10분
598,2023-04-19,2호선 (외선),첫차~09시,10분
599,2023-04-19,3호선 (하행선),첫차~09시,5분
600,2023-04-19,3호선 (상행선),첫차~09시,5분
601,2023-04-19,4호선 (하행선),첫차~09시,10분
602,2023-04-19,4호선 (상행선),첫차~09시,10분
603,2023-04-19,7호선 (장암행),09시~18시,10분
604,2023-04-19,7호선 (부천구청행),09시~18시,10분
605,2023-04-19,7호선 (온수행),09시~18시,10분
606,2023-04-20,2호선 (외선),첫차~09시,5분
607,2023-04-20,3호선 (하행선),첫차~09시,5분
608,2023-04-20,3호선 (상행선),첫차~09시,5분
609,2023-04-20,4호선 (하행선),첫차~09시,25분
610,2023-04-20,4호선 (상행선),첫차~09시,10분
611,2023-04-20,5호선 (상일동행),첫차~09시,5분
612,2023-04-20,5호선 (마천행),09시~18시,20분
613,2023-04-20,5호선 (상일동행),09시~18시,20분
614,2023-04-21,2호선 (외선),첫차~09시,10분
615,2023-04-21,2호선 (내선),첫차~09시,5분
616,2023-04-23,2호선 (외선),09시~18시,10분
617,2023-04-24,1호선 (상행선),첫차~09시,5분
618,2023-04-24,1호선 (하행선),첫차~09시,10분
619,2023-04-24,2호선 (내선),첫차~09시,5분
620,2023-04-24,2호선 (외선),첫차~09시,10분
621,2023-04-25,1호선 (하행선),첫차~09시,10분
622,2023-04-25,1호선 (상행선),첫차~09시,5분
623,2023-04-25,2호선 (내선),09시~18시,5분
624,2023-04-25,2호선 (외선),09시~18시,25분
625,2023-04-25,2호선 (외선),첫차~09시,20분
626,2023-04-25,3호선 (하행선),첫차~09시,10분
627,2023-04-25,3호선 (상행선),첫차~09시,5분
628,2023-04-25,4호선 (하행선),첫차~09시,5분
629,2023-04-25,4호선 (상행선),첫차~09시,10분
630,2023-04-25,7호선 (부천구청행),첫차~09시,10분
631,2023-04-25,7호선 (온수행),첫차~09시,10분
632,2023-04-25,7호선 (장암행),첫차~09시,10분
633,2023-04-26,1호선 (하행선),첫차~09시,10분
634,2023-04-26,1호선 (상행선),첫차~09시,10분
635,2023-04-26,2호선 (외선),첫차~09시,10분
636,2023-04-26,3호선 (하행선),첫차~09시,5분
637,2023-04-26,3호선 (상행선),첫차~09시,5분
638,2023-04-26,4호선 (하행선),첫차~09시,10분
639,2023-04-26,4호선 (상행선),첫차~09시,5분
640,2023-04-26,5호선 (방화행),첫차~09시,5분
641,2023-04-26,7호선 (부천구청행),09시~18시,5분
642,2023-04-27,2호선 (외선),첫차~09시,10분
643,2023-04-27,3호선 (하행선),첫차~09시,5분
644,2023-04-27,3호선 (상행선),첫차~09시,5분
645,2023-04-27,4호선 (하행선),첫차~09시,10분
646,2023-04-27,4호선 (상행선),첫차~09시,10분
647,2023-04-27,7호선 (온수행),첫차~09시,5분
648,2023-04-28,5호선 (방화행),첫차~09시,5분
649,2023-04-30,4호선 (상행선),18시~막차,10분
650,2023-04-30,4호선 (하행선),18시~막차,10분
651,2023-04-30,4호선 (상행선),09시~18시,30분 이상
652,2023-04-30,4호선 (하행선),09시~18시,30분 이상
653,2023-05-02,2호선 (외선),첫차~09시,10분
654,2023-05-03,1호선 (상행선),첫차~09시,5분
655,2023-05-03,2호선 (내선),18시~막차,10분
656,2023-05-03,2호선 (내선),09시~18시,5분
657,2023-05-03,2호선 (외선),첫차~09시,10분
658,2023-05-03,3호선 (하행선),첫차~09시,5분
659,2023-05-03,3호선 (상행선),첫차~09시,5분
660,2023-05-03,4호선 (하행선),첫차~09시,15분
661,2023-05-03,4호선 (상행선),첫차~09시,10분
662,2023-05-04,1호선 (상행선),첫차~09시,5분
663,2023-05-04,2호선 (외선),첫차~09시,15분
664,2023-05-04,3호선 (하행선),첫차~09시,5분
665,2023-05-04,3호선 (상행선),첫차~09시,10분
666,2023-05-04,4호선 (하행선),첫차~09시,10분
667,2023-05-04,4호선 (상행선),첫차~09시,10분
668,2023-05-04,5호선 (마천행),첫차~09시,5분
669,2023-05-04,5호선 (상일동행),첫차~09시,5분
670,2023-05-08,2호선 (외선),첫차~09시,10분
671,2023-05-08,2호선 (내선),첫차~09시,5분
672,2023-05-08,3호선 (하행선),첫차~09시,10분
673,2023-05-08,3호선 (상행선),첫차~09시,5분
674,2023-05-08,4호선 (하행선),첫차~09시,10분
675,2023-05-08,4호선 (상행선),첫차~09시,10분
676,2023-05-08,7호선 (장암행),09시~18시,5분
677,2023-05-09,1호선 (하행선),첫차~09시,5분
678,2023-05-09,2호선 (외선),첫차~09시,10분
679,2023-05-09,3호선 (하행선),첫차~09시,10분
680,2023-05-09,3호선 (상행선),첫차~09시,10분
681,2023-05-09,4호선 (하행선),첫차~09시,15분
682,2023-05-09,4호선 (상행선),첫차~09시,10분
683,2023-05-10,1호선 (하행선),첫차~09시,5분
684,2023-05-10,1호선 (상행선),첫차~09시,5분
685,2023-05-10,2호선 (외선),첫차~09시,10분
686,2023-05-10,7호선 (부천구청행),첫차~09시,10분
687,2023-05-10,7호선 (온수행),첫차~09시,10분
688,2023-05-10,7호선 (장암행),첫차~09시,10분
689,2023-05-11,2호선 (외선),첫차~09시,20분
690,2023-05-11,3호선 (하행선),첫차~09시,10분
691,2023-05-11,3호선 (상행선),첫차~09시,10분
692,2023-05-11,4호선 (하행선),첫차~09시,10분
693,2023-05-11,4호선 (상행선),첫차~09시,10분
694,2023-05-12,3호선 (하행선),첫차~09시,10분
695,2023-05-12,3호선 (상행선),첫차~09시,5분
696,2023-05-12,4호선 (하행선),첫차~09시,5분
697,2023-05-12,4호선 (상행선),첫차~09시,5분
698,2023-05-14,5호선 (방화행),09시~18시,10분
699,2023-05-14,5호선 (마천행),09시~18시,15분
700,2023-05-14,5호선 (상일동행),09시~18시,15분
701,2023-05-15,3호선 (하행선),09시~18시,5분
702,2023-05-15,3호선 (상행선),09시~18시,10분
703,2023-05-15,3호선 (하행선),첫차~09시,10분
704,2023-05-15,3호선 (상행선),첫차~09시,10분
705,2023-05-15,4호선 (하행선),첫차~09시,10분
706,2023-05-15,4호선 (상행선),첫차~09시,10분
707,2023-05-16,1호선 (하행선),첫차~09시,5분
708,2023-05-16,1호선 (상행선),첫차~09시,5분
709,2023-05-16,2호선 (외선),첫차~09시,10분
710,2023-05-16,6호선 (봉화산행),첫차~09시,5분
711,2023-05-16,6호선 (응암순환행),첫차~09시,5분
712,2023-05-17,1호선 (상행선),첫차~09시,5분
713,2023-05-17,2호선 (내선),첫차~09시,5분
714,2023-05-17,2호선 (외선),첫차~09시,15분
715,2023-05-17,3호선 (하행선),첫차~09시,10분
716,2023-05-17,3호선 (상행선),첫차~09시,10분
717,2023-05-17,4호선 (하행선),첫차~09시,10분
718,2023-05-17,4호선 (상행선),첫차~09시,10분
719,2023-05-18,1호선 (하행선),첫차~09시,5분
720,2023-05-18,1호선 (상행선),첫차~09시,10분
721,2023-05-18,2호선 (외선),첫차~09시,10분
722,2023-05-18,3호선 (하행선),첫차~09시,5분
723,2023-05-18,3호선 (상행선),첫차~09시,5분
724,2023-05-19,1호선 (상행선),첫차~09시,5분
725,2023-05-19,2호선 (외선),첫차~09시,10분
726,2023-05-19,3호선 (하행선),첫차~09시,10분
727,2023-05-19,3호선 (상행선),첫차~09시,5분
728,2023-05-19,4호선 (하행선),첫차~09시,10분
729,2023-05-19,4호선 (상행선),첫차~09시,15분
730,2023-05-22,2호선 (외선),첫차~09시,10분
731,2023-05-22,7호선 (부천구청행),첫차~09시,5분
732,2023-05-22,7호선 (온수행),첫차~09시,5분
733,2023-05-22,7호선 (장암행),첫차~09시,5분
734,2023-05-23,1호선 (하행선),첫차~09시,5분
735,2023-05-23,1호선 (상행선),첫차~09시,5분
736,2023-05-23,2호선 (내선),첫차~09시,5분
737,2023-05-23,2호선 (외선),첫차~09시,10분
738,2023-05-23,3호선 (하행선),첫차~09시,10분
739,2023-05-23,3호선 (상행선),첫차~09시,10분
740,2023-05-23,4호선 (하행선),첫차~09시,10분
741,2023-05-23,4호선 (상행선),첫차~09시,10분
742,2023-05-24,2호선 (외선),첫차~09시,10분
743,2023-05-24,3호선 (하행선),첫차~09시,10분
744,2023-05-24,3호선 (상행선),첫차~09시,15분
745,2023-05-24,4호선 (하행선),첫차~09시,15분
746,2023-05-24,4호선 (상행선),첫차~09시,10분
747,2023-05-25,2호선 (외선),첫차~09시,15분
748,2023-05-25,2호선 (내선),첫차~09시,15분
749,2023-05-25,3호선 (하행선),첫차~09시,10분
750,2023-05-25,3호선 (상행선),첫차~09시,10분
751,2023-05-25,4호선 (하행선),첫차~09시,15분
752,2023-05-25,4호선 (상행선),첫차~09시,10분
753,2023-05-26,2호선 (외선),첫차~09시,5분
754,2023-05-28,2호선 (내선),09시~18시,5분
755,2023-05-29,7호선 (부천구청행),09시~18시,5분
756,2023-05-30,2호선 (외선),첫차~09시,10분
757,2023-05-30,5호선 (마천행),첫차~09시,20분
758,2023-05-30,5호선 (상일동행),첫차~09시,20분
759,2023-05-30,5호선 (방화행),첫차~09시,20분
760,2023-05-31,2호선 (외선),첫차~09시,10분
761,2023-05-31,3호선 (상행선),첫차~09시,5분
762,2023-05-31,3호선 (하행선),첫차~09시,5분
763,2023-05-31,4호선 (상행선),첫차~09시,10분
764,2023-05-31,4호선 (하행선),첫차~09시,15분
765,2023-06-01,1호선 (하행선),첫차~09시,5분
766,2023-06-01,1호선 (상행선),첫차~09시,10분
767,2023-06-01,2호선 (외선),첫차~09시,10분
768,2023-06-01,2호선 (내선),첫차~09시,5분
769,2023-06-01,3호선 (하행선),첫차~09시,10분
770,2023-06-01,3호선 (상행선),첫차~09시,5분
771,2023-06-01,4호선 (하행선),첫차~09시,10분
772,2023-06-01,4호선 (상행선),첫차~09시,10분
773,2023-06-01,7호선 (온수행),첫차~09시,5분
774,2023-06-01,7호선 (부천구청행),첫차~09시,5분
775,2023-06-01,7호선 (장암행),첫차~09시,5분
776,2023-06-02,2호선 (외선),첫차~09시,5분
777,2023-06-02,3호선 (하행선),09시~18시,10분
778,2023-06-02,3호선 (상행선),09시~18시,10분
779,2023-06-02,3호선 (하행선),첫차~09시,5분
780,2023-06-02,3호선 (상행선),첫차~09시,5분
781,2023-06-02,4호선 (하행선),첫차~09시,10분
782,2023-06-02,4호선 (상행선),첫차~09시,10분
783,2023-06-05,1호선 (하행선),첫차~09시,5분
784,2023-06-05,1호선 (상행선),첫차~09시,10분
785,2023-06-05,2호선 (외선),첫차~09시,5분
786,2023-06-05,3호선 (하행선),첫차~09시,5분
787,2023-06-05,3호선 (상행선),첫차~09시,5분
788,2023-06-05,4호선 (하행선),첫차~09시,5분
789,2023-06-05,4호선 (상행선),첫차~09시,10분
790,2023-06-07,1호선 (상행선),09시~18시,10분
791,2023-06-07,2호선 (외선),첫차~09시,10분
792,2023-06-07,4호선 (하행선),첫차~09시,15분
793,2023-06-07,4호선 (상행선),첫차~09시,10분
794,2023-06-07,5호선 (마천행),첫차~09시,10분
795,2023-06-07,5호선 (상일동행),첫차~09시,10분
796,2023-06-07,5호선 (방화행),첫차~09시,10분
797,2023-06-08,1호선 (하행선),09시~18시,30분 이상
798,2023-06-08,1호선 (상행선),09시~18시,30분 이상
799,2023-06-08,1호선 (하행선),첫차~09시,30분 이상
800,2023-06-08,1호선 (상행선),첫차~09시,30분 이상
801,2023-06-08,2호선 (외선),첫차~09시,5분
802,2023-06-08,3호선 (상행선),첫차~09시,5분
803,2023-06-08,3호선 (하행선),첫차~09시,5분
804,2023-06-08,4호선 (상행선),첫차~09시,10분
805,2023-06-08,4호선 (하행선),첫차~09시,10분
806,2023-06-09,1호선 (하행선),첫차~09시,10분
807,2023-06-09,1호선 (상행선),첫차~09시,20분
808,2023-06-09,2호선 (외선),첫차~09시,10분
809,2023-06-09,3호선 (하행선),첫차~09시,5분
810,2023-06-09,3호선 (상행선),첫차~09시,5분
811,2023-06-09,4호선 (하행선),첫차~09시,15분
812,2023-06-09,4호선 (상행선),첫차~09시,10분
813,2023-06-09,8호선 (모란행),첫차~09시,10분
814,2023-06-09,8호선 (암사행),첫차~09시,10분
815,2023-06-10,1호선 (하행선),09시~18시,25분
816,2023-06-10,1호선 (상행선),09시~18시,30분 이상
817,2023-06-12,1호선 (하행선),첫차~09시,10분
818,2023-06-12,1호선 (상행선),첫차~09시,20분
819,2023-06-12,5호선 (마천행),첫차~09시,10분
820,2023-06-12,5호선 (상일동행),첫차~09시,10분
821,2023-06-13,1호선 (하행선),첫차~09시,15분
822,2023-06-13,2호선 (외선),첫차~09시,10분
823,2023-06-13,3호선 (하행선),첫차~09시,5분
824,2023-06-13,3호선 (상행선),첫차~09시,5분
825,2023-06-13,4호선 (하행선),첫차~09시,10분
826,2023-06-13,4호선 (상행선),첫차~09시,5분
827,2023-06-14,2호선 (외선),첫차~09시,10분
828,2023-06-14,3호선 (하행선),첫차~09시,10분
829,2023-06-14,3호선 (상행선),첫차~09시,5분
830,2023-06-14,4호선 (하행선),첫차~09시,10분
831,2023-06-14,4호선 (상행선),첫차~09시,10분
832,2023-06-15,2호선 (외선),첫차~09시,10분
833,2023-06-15,3호선 (하행선),첫차~09시,10분
834,2023-06-15,3호선 (상행선),첫차~09시,10분
835,2023-06-16,3호선 (하행선),첫차~09시,10분
836,2023-06-16,3호선 (상행선),첫차~09시,5분
837,2023-06-16,4호선 (하행선),첫차~09시,15분
838,2023-06-16,4호선 (상행선),첫차~09시,10분
839,2023-06-17,3호선 (상행선),첫차~09시,5분
840,2023-06-17,4호선 (하행선),첫차~09시,5분
841,2023-06-17,5호선 (상일동행),09시~18시,5분
842,2023-06-17,5호선 (마천행),09시~18시,5분
843,2023-06-17,6호선 (봉화산행),18시~막차,5분
844,2023-06-19,2호선 (외선),첫차~09시,20분
845,2023-06-19,4호선 (하행선),첫차~09시,10분
846,2023-06-19,4호선 (상행선),첫차~09시,10분
847,2023-06-20,1호선 (하행선),첫차~09시,5분
848,2023-06-20,1호선 (상행선),첫차~09시,5분
849,2023-06-20,2호선 (외선),첫차~09시,15분
850,2023-06-20,3호선 (상행선),첫차~09시,5분
851,2023-06-20,3호선 (하행선),첫차~09시,10분
852,2023-06-20,4호선 (상행선),첫차~09시,5분
853,2023-06-20,4호선 (하행선),첫차~09시,10분
854,2023-06-20,8호선 (암사행),첫차~09시,10분
855,2023-06-20,8호선 (모란행),첫차~09시,10분
856,2023-06-21,1호선 (상행선),첫차~09시,10분
857,2023-06-21,2호선 (외선),09시~18시,10분
858,2023-06-21,2호선 (내선),09시~18시,10분
859,2023-06-21,2호선 (외선),첫차~09시,15분
860,2023-06-21,3호선 (하행선),첫차~09시,5분
861,2023-06-21,3호선 (상행선),첫차~09시,5분
862,2023-06-21,4호선 (하행선),첫차~09시,5분
863,2023-06-21,4호선 (상행선),첫차~09시,5분
864,2023-06-22,1호선 (하행선),첫차~09시,5분
865,2023-06-22,2호선 (외선),첫차~09시,5분
866,2023-06-22,3호선 (하행선),첫차~09시,10분
867,2023-06-22,3호선 (상행선),첫차~09시,5분
868,2023-06-22,4호선 (하행선),09시~18시,5분
869,2023-06-22,4호선 (하행선),첫차~09시,10분
870,2023-06-22,4호선 (상행선),첫차~09시,5분
871,2023-06-23,2호선 (외선),첫차~09시,10분
872,2023-06-23,3호선 (하행선),첫차~09시,10분
873,2023-06-23,3호선 (상행선),첫차~09시,10분
874,2023-06-26,1호선 (하행선),첫차~09시,10분
875,2023-06-26,1호선 (상행선),첫차~09시,10분
876,2023-06-26,2호선 (외선),첫차~09시,5분
877,2023-06-26,3호선 (하행선),첫차~09시,10분
878,2023-06-26,3호선 (상행선),첫차~09시,10분
879,2023-06-26,4호선 (하행선),첫차~09시,15분
880,2023-06-26,4호선 (상행선),첫차~09시,15분
881,2023-06-26,5호선 (방화행),첫차~09시,5분
882,2023-06-27,1호선 (하행선),첫차~09시,10분
883,2023-06-27,3호선 (하행선),첫차~09시,10분
884,2023-06-27,3호선 (상행선),첫차~09시,10분
885,2023-06-28,1호선 (하행선),첫차~09시,5분
886,2023-06-28,1호선 (상행선),첫차~09시,10분
887,2023-06-28,2호선 (외선),첫차~09시,10분
888,2023-06-29,1호선 (하행선),첫차~09시,10분
889,2023-06-29,1호선 (상행선),첫차~09시,5분
890,2023-06-29,2호선 (내선),첫차~09시,5분
891,2023-06-29,2호선 (외선),첫차~09시,20분
892,2023-06-29,4호선 (하행선),09시~18시,10분
893,2023-06-29,7호선 (장암행),첫차~09시,10분
894,2023-06-30,1호선 (하행선),첫차~09시,5분
895,2023-06-30,1호선 (상행선),첫차~09시,5분
896,2023-06-30,2호선 (외선),첫차~09시,10분
897,2023-06-30,3호선 (하행선),첫차~09시,5분
898,2023-06-30,3호선 (상행선),첫차~09시,10분
899,2023-06-30,4호선 (하행선),첫차~09시,10분
900,2023-06-30,4호선 (상행선),첫차~09시,15분
901,2023-07-01,1호선 (하행선),첫차~09시,10분
902,2023-07-03,2호선 (외선),09시~18시,10분
903,2023-07-03,2호선 (내선),09시~18시,10분
904,2023-07-03,3호선 (하행선),첫차~09시,10분
905,2023-07-03,3호선 (상행선),첫차~09시,5분
906,2023-07-03,4호선 (하행선),첫차~09시,15분
907,2023-07-03,4호선 (상행선),첫차~09시,10분
908,2023-07-04,2호선 (외선),첫차~09시,10분
909,2023-07-04,3호선 (하행선),첫차~09시,5분
910,2023-07-04,3호선 (상행선),첫차~09시,5분
911,2023-07-04,4호선 (하행선),첫차~09시,10분
912,2023-07-04,4호선 (상행선),첫차~09시,10분
913,2023-07-05,1호선 (상행선),첫차~09시,10분
914,2023-07-05,2호선 (외선),첫차~09시,10분
915,2023-07-05,5호선 (방화행),첫차~09시,10분
916,2023-07-06,3호선 (상행선),첫차~09시,5분
917,2023-07-06,3호선 (하행선),첫차~09시,10분
918,2023-07-06,4호선 (상행선),첫차~09시,15분
919,2023-07-06,4호선 (하행선),첫차~09시,10분
920,2023-07-06,6호선 (응암순환행),첫차~09시,5분
921,2023-07-07,3호선 (하행선),첫차~09시,10분
922,2023-07-07,3호선 (상행선),첫차~09시,5분
923,2023-07-07,4호선 (하행선),첫차~09시,10분
924,2023-07-07,4호선 (상행선),첫차~09시,10분
925,2023-07-09,7호선 (부천구청행),첫차~09시,5분
926,2023-07-09,7호선 (온수행),첫차~09시,5분
927,2023-07-09,7호선 (장암행),첫차~09시,5분
928,2023-07-10,1호선 (하행선),첫차~09시,5분
929,2023-07-10,1호선 (상행선),첫차~09시,5분
930,2023-07-10,2호선 (외선),첫차~09시,15분
931,2023-07-10,2호선 (내선),첫차~09시,5분
932,2023-07-10,3호선 (상행선),첫차~09시,5분
933,2023-07-10,3호선 (하행선),첫차~09시,10분
934,2023-07-10,4호선 (상행선),첫차~09시,10분
935,2023-07-10,4호선 (하행선),첫차~09시,10분
936,2023-07-11,2호선 (내선),첫차~09시,10분
937,2023-07-11,2호선 (외선),첫차~09시,15분
938,2023-07-11,3호선 (하행선),첫차~09시,10분
939,2023-07-11,3호선 (상행선),첫차~09시,10분
940,2023-07-11,4호선 (하행선),첫차~09시,20분
941,2023-07-11,4호선 (상행선),첫차~09시,10분
942,2023-07-12,1호선 (하행선),첫차~09시,10분
943,2023-07-12,1호선 (상행선),첫차~09시,5분
944,2023-07-12,2호선 (내선),09시~18시,10분
945,2023-07-12,2호선 (외선),첫차~09시,15분
946,2023-07-12,2호선 (내선),첫차~09시,10분
947,2023-07-12,3호선 (하행선),첫차~09시,10분
948,2023-07-12,3호선 (상행선),첫차~09시,10분
949,2023-07-12,4호선 (하행선),첫차~09시,10분
950,2023-07-12,4호선 (상행선),첫차~09시,10분
951,2023-07-13,1호선 (하행선),첫차~09시,10분
952,2023-07-13,1호선 (상행선),첫차~09시,10분
953,2023-07-13,2호선 (외선),첫차~09시,15분
954,2023-07-13,5호선 (마천행),첫차~09시,10분
955,2023-07-13,5호선 (상일동행),첫차~09시,10분
956,2023-07-14,1호선 (하행선),첫차~09시,5분
957,2023-07-14,1호선 (상행선),첫차~09시,10분
958,2023-07-14,2호선 (외선),첫차~09시,20분
959,2023-07-14,2호선 (내선),첫차~09시,10분
960,2023-07-14,3호선 (상행선),첫차~09시,5분
961,2023-07-14,3호선 (하행선),첫차~09시,10분
962,2023-07-14,4호선 (상행선),첫차~09시,15분
963,2023-07-14,4호선 (하행선),첫차~09시,15분
964,2023-07-14,7호선 (장암행),첫차~09시,5분
965,2023-07-14,7호선 (부천구청행),첫차~09시,5분
966,2023-07-15,1호선 (하행선),09시~18시,20분
967,2023-07-15,3호선 (하행선),첫차~09시,15분
968,2023-07-15,3호선 (상행선),첫차~09시,20분
969,2023-07-15,4호선 (하행선),첫차~09시,5분
970,2023-07-15,4호선 (상행선),첫차~09시,5분
971,2023-07-17,1호선 (하행선),첫차~09시,5분
972,2023-07-17,1호선 (상행선),첫차~09시,10분
973,2023-07-17,2호선 (외선),첫차~09시,10분
974,2023-07-17,3호선 (하행선),첫차~09시,10분
975,2023-07-17,3호선 (상행선),첫차~09시,10분
976,2023-07-17,4호선 (하행선),첫차~09시,15분
977,2023-07-17,4호선 (상행선),첫차~09시,10분
978,2023-07-17,5호선 (방화행),첫차~09시,10분
979,2023-07-17,7호선 (부천구청행),첫차~09시,5분
980,2023-07-17,7호선 (온수행),첫차~09시,5분
981,2023-07-17,7호선 (장암행),첫차~09시,5분
982,2023-07-17,7호선 (부천구청행),09시~18시,5분
983,2023-07-17,7호선 (온수행),09시~18시,5분
984,2023-07-17,7호선 (장암행),09시~18시,5분
985,2023-07-18,1호선 (하행선),첫차~09시,5분
986,2023-07-18,1호선 (상행선),첫차~09시,10분
987,2023-07-18,2호선 (외선),첫차~09시,10분
988,2023-07-18,3호선 (상행선),첫차~09시,5분
989,2023-07-18,3호선 (하행선),첫차~09시,10분
990,2023-07-18,4호선 (상행선),첫차~09시,15분
991,2023-07-18,4호선 (하행선),첫차~09시,15분
992,2023-07-18,7호선 (온수행),09시~18시,10분
993,2023-07-19,3호선 (하행선),첫차~09시,5분
994,2023-07-19,3호선 (상행선),첫차~09시,5분
995,2023-07-19,4호선 (하행선),첫차~09시,10분
996,2023-07-19,4호선 (상행선),첫차~09시,15분
997,2023-07-20,1호선 (상행선),첫차~09시,5분
998,2023-07-20,2호선 (외선),첫차~09시,10분
999,2023-07-20,3호선 (하행선),첫차~09시,10분
1000,2023-07-20,3호선 (상행선),첫차~09시,10분
1001,2023-07-20,4호선 (하행선),첫차~09시,10분
1002,2023-07-20,4호선 (상행선),첫차~09시,10분
1003,2023-07-20,7호선 (장암행),09시~18시,5분
1004,2023-07-21,1호선 (하행선),18시~막차,20분
1005,2023-07-21,1호선 (상행선),18시~막차,20분
1006,2023-07-21,2호선 (외선),18시~막차,5분
1007,2023-07-21,2호선 (내선),18시~막차,20분
1008,2023-07-21,3호선 (하행선),첫차~09시,5분
1009,2023-07-21,3호선 (상행선),첫차~09시,10분
1010,2023-07-21,4호선 (하행선),09시~18시,15분
1011,2023-07-21,4호선 (하행선),첫차~09시,15분
1012,2023-07-21,4호선 (상행선),첫차~09시,15분
1013,2023-07-21,7호선 (부천구청행),첫차~09시,5분
1014,2023-07-21,7호선 (장암행),첫차~09시,5분
1015,2023-07-22,3호선 (상행선),첫차~09시,5분
1016,2023-07-22,3호선 (하행선),첫차~09시,5분
1017,2023-07-22,4호선 (상행선),첫차~09시,5분
1018,2023-07-22,4호선 (하행선),첫차~09시,5분
1019,2023-07-23,3호선 (하행선),첫차~09시,5분
1020,2023-07-23,4호선 (하행선),첫차~09시,5분
1021,2023-07-23,4호선 (상행선),첫차~09시,5분
1022,2023-07-23,8호선 (암사행),09시~18시,20분
1023,2023-07-23,8호선 (모란행),09시~18시,20분
1024,2023-07-24,1호선 (하행선),첫차~09시,10분
1025,2023-07-24,1호선 (상행선),첫차~09시,10분
1026,2023-07-24,2호선 (외선),첫차~09시,10분
1027,2023-07-24,3호선 (하행선),첫차~09시,10분
1028,2023-07-24,3호선 (상행선),첫차~09시,10분
1029,2023-07-24,4호선 (하행선),첫차~09시,15분
1030,2023-07-24,4호선 (상행선),첫차~09시,15분
1031,2023-07-25,2호선 (외선),첫차~09시,10분
1032,2023-07-25,3호선 (하행선),09시~18시,10분
1033,2023-07-25,3호선 (상행선),09시~18시,15분
1034,2023-07-25,3호선 (하행선),첫차~09시,10분
1035,2023-07-25,3호선 (상행선),첫차~09시,10분
1036,2023-07-25,4호선 (하행선),첫차~09시,10분
1037,2023-07-25,4호선 (상행선),첫차~09시,10분
1038,2023-07-26,1호선 (하행선),첫차~09시,30분 이상
1039,2023-07-26,1호선 (상행선),첫차~09시,25분
1040,2023-07-26,3호선 (상행선),첫차~09시,10분
1041,2023-07-26,3호선 (하행선),첫차~09시,10분
1042,2023-07-26,4호선 (상행선),첫차~09시,10분
1043,2023-07-26,4호선 (하행선),첫차~09시,10분
1044,2023-07-27,3호선 (하행선),첫차~09시,10분
1045,2023-07-27,3호선 (상행선),첫차~09시,5분
1046,2023-07-27,4호선 (하행선),첫차~09시,10분
1047,2023-07-27,4호선 (상행선),첫차~09시,15분
1048,2023-07-28,1호선 (하행선),첫차~09시,10분
1049,2023-07-28,1호선 (상행선),첫차~09시,10분
1050,2023-07-28,2호선 (외선),첫차~09시,10분
1051,2023-07-28,3호선 (하행선),첫차~09시,10분
1052,2023-07-28,3호선 (상행선),첫차~09시,10분
1053,2023-07-28,4호선 (하행선),첫차~09시,10분
1054,2023-07-28,4호선 (상행선),첫차~09시,15분
1055,2023-07-30,3호선 (하행선),첫차~09시,5분
1056,2023-07-30,3호선 (상행선),첫차~09시,5분
1057,2023-07-30,4호선 (상행선),첫차~09시,10분
1058,2023-07-30,4호선 (하행선),첫차~09시,5분
1059,2023-08-01,1호선 (하행선),첫차~09시,5분
1060,2023-08-01,1호선 (상행선),첫차~09시,5분
1061,2023-08-01,2호선 (외선),첫차~09시,5분
1062,2023-08-01,2호선 (내선),첫차~09시,5분
1063,2023-08-01,3호선 (하행선),첫차~09시,10분
1064,2023-08-01,3호선 (상행선),첫차~09시,10분
1065,2023-08-01,4호선 (하행선),첫차~09시,10분
1066,2023-08-01,4호선 (상행선),첫차~09시,10분
1067,2023-08-02,3호선 (하행선),첫차~09시,10분
1068,2023-08-02,3호선 (상행선),첫차~09시,10분
1069,2023-08-02,4호선 (하행선),첫차~09시,10분
1070,2023-08-02,4호선 (상행선),첫차~09시,10분
1071,2023-08-02,7호선 (온수행),첫차~09시,25분
1072,2023-08-02,7호선 (장암행),첫차~09시,25분
1073,2023-08-03,2호선 (외선),첫차~09시,5분
1074,2023-08-03,3호선 (상행선),첫차~09시,10분
1075,2023-08-03,3호선 (하행선),첫차~09시,10분
1076,2023-08-03,4호선 (상행선),첫차~09시,10분
1077,2023-08-03,4호선 (하행선),첫차~09시,15분
1078,2023-08-04,2호선 (외선),첫차~09시,10분
1079,2023-08-04,3호선 (하행선),첫차~09시,10분
1080,2023-08-04,3호선 (상행선),첫차~09시,5분
1081,2023-08-04,4호선 (하행선),첫차~09시,5분
1082,2023-08-04,4호선 (상행선),첫차~09시,10분
1083,2023-08-06,4호선 (하행선),18시~막차,10분
1084,2023-08-06,4호선 (상행선),18시~막차,15분
1085,2023-08-07,3호선 (상행선),첫차~09시,10분
1086,2023-08-07,3호선 (하행선),첫차~09시,5분
1087,2023-08-07,4호선 (상행선),첫차~09시,15분
1088,2023-08-07,4호선 (하행선),첫차~09시,10분
1089,2023-08-08,1호선 (하행선),첫차~09시,5분
1090,2023-08-08,1호선 (상행선),첫차~09시,5분
1091,2023-08-08,2호선 (외선),첫차~09시,10분
1092,2023-08-08,3호선 (하행선),첫차~09시,5분
1093,2023-08-08,3호선 (상행선),첫차~09시,5분
1094,2023-08-08,4호선 (하행선),첫차~09시,10분
1095,2023-08-08,4호선 (상행선),첫차~09시,10분
1096,2023-08-09,3호선 (하행선),첫차~09시,10분
1097,2023-08-09,3호선 (상행선),첫차~09시,10분
1098,2023-08-09,4호선 (하행선),첫차~09시,10분
1099,2023-08-09,4호선 (상행선),첫차~09시,10분
1100,2023-08-10,3호선 (하행선),첫차~09시,10분
1101,2023-08-10,3호선 (상행선),첫차~09시,10분
1102,2023-08-10,4호선 (하행선),첫차~09시,10분
1103,2023-08-10,4호선 (상행선),첫차~09시,15분
1104,2023-08-11,1호선 (하행선),첫차~09시,10분
1105,2023-08-11,1호선 (상행선),첫차~09시,5분
1106,2023-08-11,2호선 (외선),첫차~09시,10분
1107,2023-08-11,3호선 (상행선),첫차~09시,10분
1108,2023-08-11,3호선 (하행선),첫차~09시,10분
1109,2023-08-11,4호선 (상행선),첫차~09시,10분
1110,2023-08-11,4호선 (하행선),첫차~09시,15분
1111,2023-08-12,3호선 (하행선),첫차~09시,5분
1112,2023-08-14,2호선 (외선),첫차~09시,5분
1113,2023-08-14,3호선 (하행선),첫차~09시,10분
1114,2023-08-14,3호선 (상행선),첫차~09시,5분
1115,2023-08-14,4호선 (하행선),첫차~09시,10분
1116,2023-08-14,4호선 (상행선),첫차~09시,10분
1117,2023-08-14,5호선 (방화행),09시~18시,5분
1118,2023-08-15,3호선 (상행선),첫차~09시,5분
1119,2023-08-15,3호선 (하행선),첫차~09시,5분
1120,2023-08-15,4호선 (상행선),첫차~09시,5분
1121,2023-08-15,4호선 (하행선),첫차~09시,5분
1122,2023-08-15,7호선 (부천구청행),첫차~09시,10분
1123,2023-08-16,1호선 (하행선),첫차~09시,5분
1124,2023-08-16,1호선 (상행선),첫차~09시,5분
1125,2023-08-16,2호선 (외선),첫차~09시,10분
1126,2023-08-16,2호선 (내선),첫차~09시,10분
1127,2023-08-16,3호선 (하행선),첫차~09시,10분
1128,2023-08-16,3호선 (상행선),첫차~09시,10분
1129,2023-08-16,4호선 (하행선),첫차~09시,5분
1130,2023-08-16,4호선 (상행선),첫차~09시,10분
1131,2023-08-16,7호선 (장암행),첫차~09시,10분
1132,2023-08-17,2호선 (외선),09시~18시,10분
1133,2023-08-17,2호선 (내선),09시~18시,5분
1134,2023-08-17,2호선 (외선),첫차~09시,15분
1135,2023-08-17,3호선 (하행선),첫차~09시,10분
1136,2023-08-17,3호선 (상행선),첫차~09시,5분
1137,2023-08-17,4호선 (하행선),첫차~09시,10분
1138,2023-08-17,4호선 (상행선),첫차~09시,10분
1139,2023-08-17,7호선 (온수행),첫차~09시,10분
1140,2023-08-17,7호선 (온수행),09시~18시,10분
1141,2023-08-18,1호선 (하행선),첫차~09시,5분
1142,2023-08-18,1호선 (상행선),첫차~09시,10분
1143,2023-08-18,2호선 (외선),첫차~09시,10분
1144,2023-08-20,3호선 (하행선),첫차~09시,5분
1145,2023-08-20,3호선 (상행선),첫차~09시,5분
1146,2023-08-20,4호선 (하행선),첫차~09시,5분
1147,2023-08-20,4호선 (상행선),첫차~09시,5분
1148,2023-08-21,1호선 (하행선),첫차~09시,10분
1149,2023-08-21,1호선 (상행선),첫차~09시,15분
1150,2023-08-21,2호선 (외선),첫차~09시,5분
1151,2023-08-21,3호선 (하행선),첫차~09시,10분
1152,2023-08-21,3호선 (상행선),첫차~09시,10분
1153,2023-08-21,4호선 (하행선),첫차~09시,10분
1154,2023-08-21,4호선 (상행선),첫차~09시,10분
1155,2023-08-22,5호선 (방화행),첫차~09시,5분
1156,2023-08-22,7호선 (부천구청행),첫차~09시,10분
1157,2023-08-22,7호선 (온수행),첫차~09시,10분
1158,2023-08-22,7호선 (장암행),첫차~09시,10분
1159,2023-08-23,3호선 (하행선),09시~18시,10분
1160,2023-08-23,3호선 (상행선),첫차~09시,10분
1161,2023-08-23,3호선 (하행선),첫차~09시,10분
1162,2023-08-23,4호선 (상행선),첫차~09시,10분
1163,2023-08-23,4호선 (하행선),첫차~09시,10분
1164,2023-08-23,7호선 (부천구청행),첫차~09시,5분
1165,2023-08-23,7호선 (온수행),첫차~09시,5분
1166,2023-08-24,1호선 (상행선),첫차~09시,25분
1167,2023-08-24,1호선 (하행선),첫차~09시,15분
1168,2023-08-24,2호선 (외선),첫차~09시,10분
1169,2023-08-24,3호선 (하행선),첫차~09시,10분
1170,2023-08-24,3호선 (상행선),첫차~09시,10분
1171,2023-08-24,4호선 (하행선),첫차~09시,10분
1172,2023-08-24,4호선 (상행선),첫차~09시,10분
1173,2023-08-25,1호선 (하행선),첫차~09시,10분
1174,2023-08-25,1호선 (상행선),첫차~09시,25분
1175,2023-08-25,2호선 (외선),첫차~09시,10분
1176,2023-08-25,2호선 (내선),첫차~09시,5분
1177,2023-08-25,3호선 (하행선),첫차~09시,10분
1178,2023-08-25,3호선 (상행선),첫차~09시,10분
1179,2023-08-25,4호선 (하행선),첫차~09시,10분
1180,2023-08-25,4호선 (상행선),첫차~09시,10분
1181,2023-08-26,2호선 (외선),09시~18시,10분
1182,2023-08-26,2호선 (내선),09시~18시,5분
1183,2023-08-28,1호선 (하행선),첫차~09시,15분
1184,2023-08-28,1호선 (상행선),첫차~09시,25분
1185,2023-08-28,2호선 (내선),첫차~09시,5분
1186,2023-08-28,2호선 (외선),첫차~09시,15분
1187,2023-08-28,3호선 (하행선),첫차~09시,10분
1188,2023-08-28,3호선 (상행선),첫차~09시,10분
1189,2023-08-28,4호선 (하행선),첫차~09시,10분
1190,2023-08-28,4호선 (상행선),첫차~09시,15분
1191,2023-08-29,1호선 (하행선),첫차~09시,15분
1192,2023-08-29,1호선 (상행선),첫차~09시,20분
1193,2023-08-29,2호선 (외선),첫차~09시,10분
1194,2023-08-29,3호선 (하행선),첫차~09시,10분
1195,2023-08-29,3호선 (상행선),첫차~09시,10분
1196,2023-08-29,4호선 (하행선),첫차~09시,15분
1197,2023-08-29,4호선 (상행선),첫차~09시,10분
1198,2023-08-29,7호선 (장암행),09시~18시,5분
1199,2023-08-29,7호선 (부천구청행),09시~18시,10분
1200,2023-08-29,7호선 (부천구청행),첫차~09시,10분
1201,2023-08-29,7호선 (온수행),첫차~09시,10분
1202,2023-08-30,1호선 (하행선),첫차~09시,15분
1203,2023-08-30,1호선 (상행선),첫차~09시,20분
1204,2023-08-30,2호선 (내선),첫차~09시,5분
1205,2023-08-30,2호선 (외선),첫차~09시,10분
1206,2023-08-30,3호선 (상행선),09시~18시,15분
1207,2023-08-30,3호선 (하행선),09시~18시,20분
1208,2023-08-31,1호선 (하행선),첫차~09시,15분
1209,2023-08-31,1호선 (상행선),첫차~09시,20분
1210,2023-08-31,2호선 (내선),첫차~09시,5분
1211,2023-08-31,2호선 (외선),첫차~09시,10분
1212,2023-08-31,3호선 (상행선),첫차~09시,10분
1213,2023-08-31,3호선 (하행선),첫차~09시,10분
1214,2023-08-31,4호선 (상행선),첫차~09시,20분
1215,2023-08-31,4호선 (하행선),첫차~09시,10분
